{
    "type": "crafting_shaped",
    "pattern": [
        "###",
        "#B#",
        "###"
    ],
    "key": {
        "#": [
            {
                "item": "minecraft:oak_slab"
            },
            {
                "item": "minecraft:spruce_slab"
            },
            {
                "item": "minecraft:birch_slab"
            },
            {
                "item": "minecraft:jungle_slab"
            },
            {
                "item": "minecraft:acacia_slab"
            },
            {
                "item": "minecraft:dark_oak_slab"
            }
        ],
        "B": {
            "item": "minecraft:book"
        }
    },
    "result": {
        "item": "minecraft:bookshelf",
        "count": 1
    }
}
